,Year,Month,Temperature,CO2_Emissions,Sea_Level_Rise,Precipitation,Humidity,Wind_Speed
count,10000.0,10000.0,10000.0,10000.0,10000.0,10000.0,10000.0,10000.0
mean,2010.9979,6.5231,14.936033778630119,400.2204688976375,-0.0031516854837459027,49.88120758239156,49.77130192859166,25.082065534372457
std,6.633633702550206,3.4487179872491103,5.03061584920016,49.69693270661683,0.9913486683740712,28.862417088869975,28.92932002726056,14.466648038545475
min,2000.0,1.0,-3.803588598564197,182.1312203487651,-4.092154970483335,0.0101426705857776,0.0189976288834659,0.0017323274571046
25%,2005.0,4.0,11.577991282292246,367.10933034978495,-0.6738087273987938,24.497515883940995,24.713250459301268,12.539732881220969
50%,2011.0,7.0,14.981135741955697,400.82132446979676,0.00233213304753395,49.818967107350566,49.67841245380795,24.910787458770095
75%,2017.0,10.0,18.30582624415652,433.30790534678715,0.6757228048632027,74.52499078470545,75.20639033421388,37.67025962598643
max,2022.0,12.0,33.97695597775728,582.8997013258188,4.116558983659821,99.99190025064706,99.95966453034534,49.99766399410564
